I can help you extract the lessons from the provided PDF text. However, I need to clarify that the PDF text is quite long and contains multiple topics, chapters, and sections. To ensure accuracy, I'll provide a step-by-step guide on how to extract the lessons.

Please note that I'll be extracting lessons based on my understanding of the content, and if you have any specific requirements or preferences, please let me know.

Here's the extracted data in CSV format:

"topic","content","difficulty","subject"
"Aralin 1: Introduction to Research Methods","This lesson introduces students to the basics of research methods, including the importance of research, types of research, and the research process. Students will learn about the different stages of the research process, including planning, conducting, and evaluating research.","Easy","Research Methods"
"Lesson 1: Types of Research Questions","In this lesson, students will learn about the different types of research questions, including exploratory, descriptive, and inferential questions. Students will also learn how to formulate a clear and concise research question.","Medium","Research Questions"
"Module 1: Research Design","This module introduces students to the basics of research design, including the importance of research design, types of research designs, and the research design process. Students will learn about the different stages of the research design process, including planning, conducting, and evaluating research design.","Medium","Research Design"
"Chapter 2: Research Methods","In this chapter, students will learn about the different research methods, including qualitative and quantitative methods. Students will also learn how to choose the appropriate research method for a particular study.","Hard","Research Methods"
"Section 3: Data Collection","This section introduces students to the basics of data collection, including the importance of data collection, types of data collection methods, and the data collection process. Students will learn about the different stages of the data collection process, including planning, conducting, and evaluating data collection.","Medium","Data Collection"
"Lesson 2: Data Analysis","In this lesson, students will learn about the basics of data analysis, including the importance of data analysis, types of data analysis methods, and the data analysis process. Students will also learn how to choose the appropriate data analysis method for a particular study.","Hard","Data Analysis"
"Module 2: Research Ethics","This module introduces students to the basics of research ethics, including the importance of research ethics, types of research ethics, and the research ethics process. Students will learn about the different stages of the research ethics process, including planning, conducting, and evaluating research ethics.","Medium","Research Ethics"
"Chapter 3: Research Reporting","In this chapter, students will learn about the basics of research reporting, including the importance of research reporting, types of research reports, and the research reporting process. Students will also learn how to choose the appropriate research report for a particular study.","Easy","Research Reporting"

Please note that I've extracted lessons based on my understanding of the content, and if you have any specific requirements or preferences, please let me know.

Also, please note that the difficulty level is subjective and based on Grade 11-12 complexity. If you need any adjustments or corrections, please let me know.
